-- MySQL dump 10.16  Distrib 10.1.36-MariaDB, for Win32 (AMD64)
--
-- Host: localhost    Database: chuanhe
-- ------------------------------------------------------
-- Server version	10.1.36-MariaDB

/*!40101 SET @OLD_CHARACTER_SET_CLIENT=@@CHARACTER_SET_CLIENT */;
/*!40101 SET @OLD_CHARACTER_SET_RESULTS=@@CHARACTER_SET_RESULTS */;
/*!40101 SET @OLD_COLLATION_CONNECTION=@@COLLATION_CONNECTION */;
/*!40101 SET NAMES utf8 */;
/*!40103 SET @OLD_TIME_ZONE=@@TIME_ZONE */;
/*!40103 SET TIME_ZONE='+00:00' */;
/*!40014 SET @OLD_UNIQUE_CHECKS=@@UNIQUE_CHECKS, UNIQUE_CHECKS=0 */;
/*!40014 SET @OLD_FOREIGN_KEY_CHECKS=@@FOREIGN_KEY_CHECKS, FOREIGN_KEY_CHECKS=0 */;
/*!40101 SET @OLD_SQL_MODE=@@SQL_MODE, SQL_MODE='NO_AUTO_VALUE_ON_ZERO' */;
/*!40111 SET @OLD_SQL_NOTES=@@SQL_NOTES, SQL_NOTES=0 */;

--
-- Current Database: `chuanhe`
--

CREATE DATABASE /*!32312 IF NOT EXISTS*/ `chuanhe` /*!40100 DEFAULT CHARACTER SET utf8 */;

USE `chuanhe`;

--
-- Table structure for table `app_file`
--

DROP TABLE IF EXISTS `app_file`;
/*!40101 SET @saved_cs_client     = @@character_set_client */;
/*!40101 SET character_set_client = utf8 */;
CREATE TABLE `app_file` (
  `id` int(11) NOT NULL AUTO_INCREMENT,
  `path` varchar(100) NOT NULL,
  `name` varchar(20) NOT NULL,
  `md5` varchar(32) NOT NULL,
  `version_id` int(11) NOT NULL,
  `size` float DEFAULT NULL,
  PRIMARY KEY (`id`)
) ENGINE=InnoDB AUTO_INCREMENT=1 DEFAULT CHARSET=utf32;
/*!40101 SET character_set_client = @saved_cs_client */;

--
-- Dumping data for table `app_file`
--


--
-- Table structure for table `application`
--

DROP TABLE IF EXISTS `application`;
/*!40101 SET @saved_cs_client     = @@character_set_client */;
/*!40101 SET character_set_client = utf8 */;
CREATE TABLE `application` (
  `version` varchar(20) NOT NULL,
  `id` int(11) NOT NULL AUTO_INCREMENT,
  `date` datetime DEFAULT NULL,
  `update_server` tinyint(4) DEFAULT '0',
  `update_teacher` tinyint(4) DEFAULT '0',
  `update_student` tinyint(4) DEFAULT '0',
  PRIMARY KEY (`id`)
) ENGINE=InnoDB AUTO_INCREMENT=1 DEFAULT CHARSET=utf32;
/*!40101 SET character_set_client = @saved_cs_client */;

--
-- Dumping data for table `application`
--
--
-- Table structure for table `device`
--

DROP TABLE IF EXISTS `device`;
/*!40101 SET @saved_cs_client     = @@character_set_client */;
/*!40101 SET character_set_client = utf8 */;
CREATE TABLE `device` (
  `id` varchar(64) NOT NULL,
  `location_id` int(11) DEFAULT NULL,
  `login_time` datetime DEFAULT NULL,
  `name` varchar(20) NOT NULL,
  PRIMARY KEY (`id`)
) ENGINE=InnoDB DEFAULT CHARSET=utf32;
/*!40101 SET character_set_client = @saved_cs_client */;

--
-- Dumping data for table `device`
--

LOCK TABLES `device` WRITE;
/*!40000 ALTER TABLE `device` DISABLE KEYS */;
INSERT INTO `device` VALUES ('123',1,NULL,''),('123123213',2,'2018-11-02 22:04:53','1'),('938e2878876e165a7097c4d6a33bd39e6c27873a',NULL,'2018-10-31 23:19:55','老师'),('96889faf3954c4d9d34f7b168e29b50d',NULL,'2018-10-31 23:57:03','设备1'),('d1ade99f6f7fc974287649630df138e5',NULL,'2018-11-02 00:26:48','设备2'),('testt34234',NULL,'2018-11-02 22:10:16','');
/*!40000 ALTER TABLE `device` ENABLE KEYS */;
UNLOCK TABLES;

--
-- Table structure for table `event`
--

DROP TABLE IF EXISTS `event`;
/*!40101 SET @saved_cs_client     = @@character_set_client */;
/*!40101 SET character_set_client = utf8 */;
CREATE TABLE `event` (
  `id` int(11) NOT NULL AUTO_INCREMENT,
  `name` varchar(10) NOT NULL,
  `time` datetime NOT NULL,
  `user` varchar(20) DEFAULT NULL,
  `timestamp` int(11) unsigned NOT NULL,
  `device_id` varchar(64) DEFAULT NULL,
  PRIMARY KEY (`id`)
) ENGINE=InnoDB AUTO_INCREMENT=298 DEFAULT CHARSET=utf32;
/*!40101 SET character_set_client = @saved_cs_client */;

--
-- Dumping data for table `event`
--

LOCK TABLES `event` WRITE;
/*!40000 ALTER TABLE `event` DISABLE KEYS */;
INSERT INTO `event` VALUES (1,'GameStart','2018-10-27 16:00:43',NULL,1540627243,NULL),(2,'GameStart','2018-10-27 16:03:31',NULL,1540627411,NULL),(3,'GameStart','2018-10-27 16:03:45',NULL,1540627425,NULL),(4,'SceneEnter','2018-10-27 17:05:00',NULL,1540631100,NULL),(5,'GameStart','2018-10-27 17:05:00',NULL,1540631100,NULL),(6,'SceneEnter','2018-10-27 17:05:57',NULL,1540631157,NULL),(7,'GameStart','2018-10-27 17:05:57',NULL,1540631157,NULL),(8,'GameStart','2018-10-27 17:07:15',NULL,1540631235,NULL),(9,'SceneEnter','2018-10-27 17:07:15',NULL,1540631235,NULL),(10,'Event1','2018-10-28 16:03:03',NULL,1540713783,NULL),(11,'Event1','2018-09-28 16:03:03',NULL,1538121783,NULL),(12,'Event1','2018-09-27 16:03:03',NULL,1538035383,NULL),(13,'Event1','2018-09-29 16:03:03',NULL,1538208183,NULL),(14,'Event1','2018-09-29 16:33:03',NULL,1538209983,NULL),(15,'Event2','2018-10-29 23:33:03',NULL,1540827183,NULL),(16,'Event2','2018-10-29 09:33:03',NULL,1540776783,NULL),(17,'Event2','2018-10-29 07:33:03',NULL,1540769583,NULL),(18,'Event2','2018-10-28 23:55:03',NULL,1540742103,NULL),(19,'GameStart','2018-10-30 01:06:21',NULL,1540832781,NULL),(20,'SceneEnter','2018-10-30 01:06:21',NULL,1540832781,NULL),(21,'GameStart','2018-10-30 01:07:31',NULL,1540832851,NULL),(22,'SceneEnter','2018-10-30 01:07:31',NULL,1540832851,NULL),(23,'SceneEnter','2018-10-30 01:10:10',NULL,1540833010,NULL),(24,'GameStart','2018-10-30 01:10:10',NULL,1540833010,NULL),(25,'GameStart','2018-10-30 01:12:03',NULL,1540833123,NULL),(26,'SceneEnter','2018-10-30 01:12:03',NULL,1540833123,NULL),(27,'SceneEnter','2018-10-30 01:13:35',NULL,1540833215,NULL),(28,'GameStart','2018-10-30 01:13:35',NULL,1540833215,NULL),(29,'GameStart','2018-10-30 01:15:07',NULL,1540833307,NULL),(30,'SceneEnter','2018-10-30 01:15:07',NULL,1540833307,NULL),(31,'GameStart','2018-10-30 01:20:37',NULL,1540833637,NULL),(32,'SceneEnter','2018-10-30 01:20:37',NULL,1540833637,NULL),(33,'GameStart','2018-10-30 01:24:29',NULL,1540833869,NULL),(34,'SceneEnter','2018-10-30 01:24:29',NULL,1540833869,NULL),(35,'SceneEnter','2018-10-30 01:24:59',NULL,1540833899,NULL),(36,'GameStart','2018-10-30 01:24:59',NULL,1540833899,NULL),(37,'SceneEnter','2018-10-30 01:36:53',NULL,1540834613,NULL),(38,'GameStart','2018-10-30 01:36:53',NULL,1540834613,NULL),(39,'SceneEnter','2018-10-30 01:37:47',NULL,1540834667,NULL),(40,'GameStart','2018-10-30 01:37:47',NULL,1540834667,NULL),(41,'GameStart','2018-10-30 01:44:54',NULL,1540835094,NULL),(42,'SceneEnter','2018-10-30 01:44:54',NULL,1540835094,NULL),(43,'SceneEnter','2018-10-30 01:45:58',NULL,1540835158,NULL),(44,'GameStart','2018-10-30 01:45:58',NULL,1540835158,NULL),(45,'GameStart','2018-10-30 01:47:16',NULL,1540835236,NULL),(46,'SceneEnter','2018-10-30 01:47:16',NULL,1540835236,NULL),(47,'SceneEnter','2018-10-30 01:51:01',NULL,1540835461,NULL),(48,'GameStart','2018-10-30 01:51:01',NULL,1540835461,NULL),(49,'GameStart','2018-10-30 20:23:27',NULL,1540902207,NULL),(50,'SceneEnter','2018-10-30 20:23:27',NULL,1540902207,NULL),(51,'GameStart','2018-10-30 20:31:14',NULL,1540902674,NULL),(52,'SceneEnter','2018-10-30 20:31:14',NULL,1540902674,NULL),(53,'GameStart','2018-10-30 20:32:09',NULL,1540902729,NULL),(54,'SceneEnter','2018-10-30 20:32:09',NULL,1540902729,NULL),(55,'GameStart','2018-10-30 20:49:12',NULL,1540903752,NULL),(56,'SceneEnter','2018-10-30 20:49:12',NULL,1540903752,NULL),(57,'GameStart','2018-10-30 20:51:03',NULL,1540903863,NULL),(58,'SceneEnter','2018-10-30 20:51:03',NULL,1540903863,NULL),(59,'SceneEnter','2018-10-30 20:55:54',NULL,1540904154,NULL),(60,'GameStart','2018-10-30 20:55:54',NULL,1540904154,NULL),(61,'GameStart','2018-10-30 20:58:13',NULL,1540904293,NULL),(62,'SceneEnter','2018-10-30 20:58:13',NULL,1540904293,NULL),(63,'GameStart','2018-10-30 21:07:16',NULL,1540904836,NULL),(64,'SceneEnter','2018-10-30 21:07:16',NULL,1540904836,NULL),(65,'SceneEnter','2018-10-30 21:09:23',NULL,1540904963,NULL),(66,'GameStart','2018-10-30 21:09:23',NULL,1540904963,NULL),(67,'SceneEnter','2018-10-30 21:17:43',NULL,1540905463,NULL),(68,'GameStart','2018-10-30 21:17:44',NULL,1540905464,NULL),(69,'SceneEnter','2018-10-30 22:14:42',NULL,1540908882,NULL),(70,'GameStart','2018-10-30 22:14:42',NULL,1540908882,NULL),(71,'GameStart','2018-10-30 22:16:16',NULL,1540908976,NULL),(72,'SceneEnter','2018-10-30 22:16:16',NULL,1540908976,NULL),(73,'GameStart','2018-10-30 22:41:37',NULL,1540910497,NULL),(74,'SceneEnter','2018-10-30 22:41:37',NULL,1540910497,NULL),(75,'GameStart','2018-10-30 22:49:58',NULL,1540910998,NULL),(76,'SceneEnter','2018-10-30 22:49:58',NULL,1540910998,NULL),(77,'GameStart','2018-10-30 22:54:49',NULL,1540911289,NULL),(78,'SceneEnter','2018-10-30 22:54:49',NULL,1540911289,NULL),(79,'GameStart','2018-10-31 00:23:40',NULL,1540916620,NULL),(80,'SceneEnter','2018-10-31 00:23:40',NULL,1540916620,NULL),(81,'GameStart','2018-10-31 00:26:25',NULL,1540916785,NULL),(82,'SceneEnter','2018-10-31 00:26:25',NULL,1540916785,NULL),(83,'GameStart','2018-10-31 00:38:23',NULL,1540917503,NULL),(84,'SceneEnter','2018-10-31 00:38:23',NULL,1540917503,NULL),(85,'GameStart','2018-10-31 01:09:02',NULL,1540919342,NULL),(86,'SceneEnter','2018-10-31 01:09:02',NULL,1540919342,NULL),(87,'GameStart','2018-10-31 01:11:57',NULL,1540919517,NULL),(88,'SceneEnter','2018-10-31 01:11:57',NULL,1540919517,NULL),(89,'GameStart','2018-10-31 01:12:55',NULL,1540919575,NULL),(90,'SceneEnter','2018-10-31 01:12:55',NULL,1540919575,NULL),(91,'GameStart','2018-10-31 01:15:14',NULL,1540919714,NULL),(92,'SceneEnter','2018-10-31 01:15:14',NULL,1540919714,NULL),(93,'SceneEnter','2018-10-31 01:16:48',NULL,1540919808,NULL),(94,'GameStart','2018-10-31 01:16:48',NULL,1540919808,NULL),(95,'GameStart','2018-10-31 01:18:53',NULL,1540919933,NULL),(96,'SceneEnter','2018-10-31 01:18:53',NULL,1540919933,NULL),(97,'SceneEnter','2018-10-31 01:24:21',NULL,1540920261,NULL),(98,'GameStart','2018-10-31 01:24:21',NULL,1540920261,NULL),(99,'GameStart','2018-10-31 01:27:46',NULL,1540920466,NULL),(100,'SceneEnter','2018-10-31 01:27:46',NULL,1540920466,NULL),(101,'GameStart','2018-10-31 01:46:16',NULL,1540921576,NULL),(102,'SceneEnter','2018-10-31 01:46:16',NULL,1540921576,NULL),(103,'GameStart','2018-10-31 01:47:34',NULL,1540921654,NULL),(104,'SceneEnter','2018-10-31 01:47:34',NULL,1540921654,NULL),(105,'GameStart','2018-10-31 01:48:41',NULL,1540921721,NULL),(106,'SceneEnter','2018-10-31 01:48:41',NULL,1540921721,NULL),(107,'GameStart','2018-10-31 01:49:11',NULL,1540921751,NULL),(108,'SceneEnter','2018-10-31 01:49:11',NULL,1540921751,NULL),(109,'SceneEnter','2018-10-31 01:52:24',NULL,1540921944,NULL),(110,'GameStart','2018-10-31 01:52:24',NULL,1540921944,NULL),(111,'SceneEnter','2018-10-31 01:52:40',NULL,1540921960,NULL),(112,'GameStart','2018-10-31 01:52:40',NULL,1540921960,NULL),(113,'GameStart','2018-10-31 22:23:32',NULL,1540995812,NULL),(114,'SceneEnter','2018-10-31 22:23:32',NULL,1540995812,NULL),(115,'SceneEnter','2018-10-31 22:42:17',NULL,1540996937,NULL),(116,'GameStart','2018-10-31 22:42:17',NULL,1540996937,NULL),(117,'GameStart','2018-10-31 23:10:29',NULL,1540998629,NULL),(118,'SceneEnter','2018-10-31 23:10:29',NULL,1540998629,NULL),(119,'GameStart','2018-10-31 23:13:48',NULL,1540998828,NULL),(120,'SceneEnter','2018-10-31 23:13:48',NULL,1540998828,NULL),(121,'GameStart','2018-10-31 23:15:30',NULL,1540998930,NULL),(122,'SceneEnter','2018-10-31 23:15:30',NULL,1540998930,NULL),(123,'GameStart','2018-10-31 23:19:55',NULL,1540999195,NULL),(124,'SceneEnter','2018-10-31 23:19:55',NULL,1540999195,NULL),(125,'GameStart','2018-10-31 23:21:52',NULL,1540999312,NULL),(126,'SceneEnter','2018-10-31 23:21:52',NULL,1540999312,NULL),(127,'GameStart','2018-10-31 23:23:03',NULL,1540999383,NULL),(128,'SceneEnter','2018-10-31 23:23:03',NULL,1540999383,NULL),(129,'SceneEnter','2018-11-01 00:29:49',NULL,1541003389,NULL),(130,'GameStart','2018-11-01 00:29:49',NULL,1541003389,NULL),(131,'SceneEnter','2018-11-01 00:30:36',NULL,1541003436,NULL),(132,'GameStart','2018-11-01 00:30:36',NULL,1541003436,NULL),(133,'GameStart','2018-11-01 00:30:52',NULL,1541003452,NULL),(134,'SceneEnter','2018-11-01 00:30:52',NULL,1541003452,NULL),(135,'GameStart','2018-11-01 22:02:19',NULL,1541080939,NULL),(136,'SceneEnter','2018-11-01 22:02:19',NULL,1541080939,NULL),(137,'SceneEnter','2018-11-01 22:22:00',NULL,1541082120,NULL),(138,'GameStart','2018-11-01 22:22:00',NULL,1541082120,NULL),(139,'GameStart','2018-11-01 22:52:22',NULL,1541083942,NULL),(140,'SceneEnter','2018-11-01 22:52:22',NULL,1541083942,NULL),(141,'GameStart','2018-11-01 22:57:20',NULL,1541084240,NULL),(142,'SceneEnter','2018-11-01 22:57:20',NULL,1541084240,NULL),(143,'GameStart','2018-11-01 23:45:20',NULL,1541087120,NULL),(144,'SceneEnter','2018-11-01 23:45:20',NULL,1541087120,NULL),(145,'GameStart','2018-11-01 23:56:51',NULL,1541087811,NULL),(146,'SceneEnter','2018-11-01 23:56:51',NULL,1541087811,NULL),(147,'SceneEnter','2018-11-02 00:08:28',NULL,1541088508,NULL),(148,'GameStart','2018-11-02 00:08:28',NULL,1541088508,NULL),(149,'SceneEnter','2018-11-02 00:09:09',NULL,1541088549,NULL),(150,'GameStart','2018-11-02 00:09:09',NULL,1541088549,NULL),(151,'GameStart','2018-11-02 00:11:10',NULL,1541088670,NULL),(152,'SceneEnter','2018-11-02 00:11:10',NULL,1541088670,NULL),(153,'GameStart','2018-11-02 00:24:25',NULL,1541089465,NULL),(154,'SceneEnter','2018-11-02 00:24:25',NULL,1541089465,NULL),(155,'GameStart','2018-11-02 00:28:38',NULL,1541089718,NULL),(156,'SceneEnter','2018-11-02 00:28:38',NULL,1541089718,NULL),(157,'GameStart','2018-11-02 01:06:14',NULL,1541091974,NULL),(158,'SceneEnter','2018-11-02 01:06:14',NULL,1541091974,NULL),(159,'GameStart','2018-11-02 01:25:59',NULL,1541093159,NULL),(160,'SceneEnter','2018-11-02 01:25:59',NULL,1541093159,NULL),(161,'GameStart','2018-11-02 01:28:04',NULL,1541093284,NULL),(162,'SceneEnter','2018-11-02 01:28:04',NULL,1541093284,NULL),(163,'SceneEnter','2018-11-02 01:30:33',NULL,1541093433,NULL),(164,'GameStart','2018-11-02 01:30:33',NULL,1541093433,NULL),(165,'SceneEnter','2018-11-03 07:23:28',NULL,1541201008,NULL),(166,'GameStart','2018-11-03 07:23:28',NULL,1541201008,NULL),(167,'SceneEnter','2018-11-03 08:24:01',NULL,1541204641,NULL),(168,'GameStart','2018-11-03 08:24:01',NULL,1541204641,NULL),(169,'GameStart','2018-11-03 14:27:02',NULL,1541226422,'938e2878876e165a7097c4d6a33bd39e6c27873a'),(170,'SceneEnter','2018-11-03 14:27:02',NULL,1541226422,''),(171,'GameStart','2018-11-03 14:29:56',NULL,1541226596,'938e2878876e165a7097c4d6a33bd39e6c27873a'),(172,'SceneEnter','2018-11-03 14:29:56',NULL,1541226596,'938e2878876e165a7097c4d6a33bd39e6c27873a'),(173,'SceneEnter','2018-11-03 14:31:20',NULL,1541226680,'938e2878876e165a7097c4d6a33bd39e6c27873a'),(174,'GameStart','2018-11-03 14:31:20',NULL,1541226680,'938e2878876e165a7097c4d6a33bd39e6c27873a'),(175,'SceneExit','2018-11-03 14:31:30',NULL,1541226690,'938e2878876e165a7097c4d6a33bd39e6c27873a'),(176,'SceneEnter','2018-11-03 14:31:30',NULL,1541226690,'938e2878876e165a7097c4d6a33bd39e6c27873a'),(177,'SceneEnter','2018-11-03 14:36:48',NULL,1541227008,'938e2878876e165a7097c4d6a33bd39e6c27873a'),(178,'GameStart','2018-11-03 14:36:48',NULL,1541227008,'938e2878876e165a7097c4d6a33bd39e6c27873a'),(179,'SceneExit','2018-11-03 14:36:54',NULL,1541227014,'938e2878876e165a7097c4d6a33bd39e6c27873a'),(180,'GameStart','2018-11-03 14:37:39',NULL,1541227059,'938e2878876e165a7097c4d6a33bd39e6c27873a'),(181,'SceneEnter','2018-11-03 14:37:39',NULL,1541227059,'938e2878876e165a7097c4d6a33bd39e6c27873a'),(182,'SceneExit','2018-11-03 14:38:46',NULL,1541227126,'938e2878876e165a7097c4d6a33bd39e6c27873a'),(183,'SceneEnter','2018-11-03 14:38:46',NULL,1541227126,'938e2878876e165a7097c4d6a33bd39e6c27873a'),(184,'SceneExit','2018-11-03 14:49:09',NULL,1541227749,'938e2878876e165a7097c4d6a33bd39e6c27873a'),(185,'SceneEnter','2018-11-03 14:49:14',NULL,1541227754,'938e2878876e165a7097c4d6a33bd39e6c27873a'),(186,'GameStart','2018-11-03 14:49:14',NULL,1541227754,'938e2878876e165a7097c4d6a33bd39e6c27873a'),(187,'SceneEnter','2018-11-03 14:49:16',NULL,1541227756,'938e2878876e165a7097c4d6a33bd39e6c27873a'),(188,'SceneExit','2018-11-03 14:49:16',NULL,1541227756,'938e2878876e165a7097c4d6a33bd39e6c27873a'),(189,'SceneEnter','2018-11-03 14:49:30',NULL,1541227770,'938e2878876e165a7097c4d6a33bd39e6c27873a'),(190,'SceneExit','2018-11-03 14:49:30',NULL,1541227770,'938e2878876e165a7097c4d6a33bd39e6c27873a'),(191,'SceneExit','2018-11-03 14:58:51',NULL,1541228331,'938e2878876e165a7097c4d6a33bd39e6c27873a'),(192,'SceneEnter','2018-11-09 01:47:17',NULL,1541699237,'938e2878876e165a7097c4d6a33bd39e6c27873a'),(193,'GameStart','2018-11-09 01:47:17',NULL,1541699237,'938e2878876e165a7097c4d6a33bd39e6c27873a'),(194,'SceneExit','2018-11-09 01:47:41',NULL,1541699261,'938e2878876e165a7097c4d6a33bd39e6c27873a'),(195,'GameStart','2018-11-09 01:50:17',NULL,1541699417,'938e2878876e165a7097c4d6a33bd39e6c27873a'),(196,'SceneEnter','2018-11-09 01:50:17',NULL,1541699417,'938e2878876e165a7097c4d6a33bd39e6c27873a'),(197,'SceneExit','2018-11-09 01:57:09',NULL,1541699829,'938e2878876e165a7097c4d6a33bd39e6c27873a'),(198,'GameStart','2018-11-09 02:08:02',NULL,1541700482,'938e2878876e165a7097c4d6a33bd39e6c27873a'),(199,'SceneEnter','2018-11-09 02:08:02',NULL,1541700482,'938e2878876e165a7097c4d6a33bd39e6c27873a'),(200,'SceneExit','2018-11-09 02:08:58',NULL,1541700538,'938e2878876e165a7097c4d6a33bd39e6c27873a'),(201,'GameStart','2018-11-09 02:11:27',NULL,1541700687,'938e2878876e165a7097c4d6a33bd39e6c27873a'),(202,'SceneEnter','2018-11-09 02:11:27',NULL,1541700687,'938e2878876e165a7097c4d6a33bd39e6c27873a'),(203,'SceneExit','2018-11-09 02:11:36',NULL,1541700696,'938e2878876e165a7097c4d6a33bd39e6c27873a'),(204,'SceneEnter','2018-11-09 02:11:36',NULL,1541700696,'938e2878876e165a7097c4d6a33bd39e6c27873a'),(205,'SceneEnter','2018-11-09 02:11:38',NULL,1541700698,'938e2878876e165a7097c4d6a33bd39e6c27873a'),(206,'SceneExit','2018-11-09 02:11:38',NULL,1541700698,'938e2878876e165a7097c4d6a33bd39e6c27873a'),(207,'SceneExit','2018-11-09 02:11:44',NULL,1541700704,'938e2878876e165a7097c4d6a33bd39e6c27873a'),(208,'SceneEnter','2018-11-09 02:11:44',NULL,1541700704,'938e2878876e165a7097c4d6a33bd39e6c27873a'),(209,'SceneEnter','2018-11-09 02:11:45',NULL,1541700705,'938e2878876e165a7097c4d6a33bd39e6c27873a'),(210,'SceneExit','2018-11-09 02:11:45',NULL,1541700705,'938e2878876e165a7097c4d6a33bd39e6c27873a'),(211,'SceneExit','2018-11-09 02:11:50',NULL,1541700710,'938e2878876e165a7097c4d6a33bd39e6c27873a'),(212,'SceneEnter','2018-11-09 02:26:07',NULL,1541701567,'938e2878876e165a7097c4d6a33bd39e6c27873a'),(213,'GameStart','2018-11-09 02:26:07',NULL,1541701567,'938e2878876e165a7097c4d6a33bd39e6c27873a'),(214,'GameStart','2018-11-10 19:23:44',NULL,1541849024,'938e2878876e165a7097c4d6a33bd39e6c27873a'),(215,'SceneEnter','2018-11-10 19:23:44',NULL,1541849024,'938e2878876e165a7097c4d6a33bd39e6c27873a'),(216,'SceneExit','2018-11-10 19:28:07',NULL,1541849287,'938e2878876e165a7097c4d6a33bd39e6c27873a'),(217,'GameStart','2018-11-10 19:28:10',NULL,1541849290,'938e2878876e165a7097c4d6a33bd39e6c27873a'),(218,'SceneEnter','2018-11-10 19:28:10',NULL,1541849290,'938e2878876e165a7097c4d6a33bd39e6c27873a'),(219,'SceneExit','2018-11-10 19:29:34',NULL,1541849374,'938e2878876e165a7097c4d6a33bd39e6c27873a'),(220,'GameStart','2018-11-10 19:30:22',NULL,1541849422,'938e2878876e165a7097c4d6a33bd39e6c27873a'),(221,'SceneEnter','2018-11-10 19:30:22',NULL,1541849422,'938e2878876e165a7097c4d6a33bd39e6c27873a'),(222,'SceneExit','2018-11-10 19:30:31',NULL,1541849431,'938e2878876e165a7097c4d6a33bd39e6c27873a'),(223,'GameStart','2018-11-11 13:04:40',NULL,1541912680,'938e2878876e165a7097c4d6a33bd39e6c27873a'),(224,'SceneEnter','2018-11-11 13:04:40',NULL,1541912680,'938e2878876e165a7097c4d6a33bd39e6c27873a'),(225,'SceneEnter','2018-11-11 13:05:26',NULL,1541912726,'938e2878876e165a7097c4d6a33bd39e6c27873a'),(226,'SceneExit','2018-11-11 13:05:26',NULL,1541912726,'938e2878876e165a7097c4d6a33bd39e6c27873a'),(227,'SceneExit','2018-11-11 13:05:35',NULL,1541912735,'938e2878876e165a7097c4d6a33bd39e6c27873a'),(228,'GameStart','2018-11-11 13:07:04',NULL,1541912824,'938e2878876e165a7097c4d6a33bd39e6c27873a'),(229,'SceneEnter','2018-11-11 13:07:04',NULL,1541912824,'938e2878876e165a7097c4d6a33bd39e6c27873a'),(230,'SceneExit','2018-11-11 13:07:08',NULL,1541912828,'938e2878876e165a7097c4d6a33bd39e6c27873a'),(231,'SceneEnter','2018-11-11 13:07:08',NULL,1541912828,'938e2878876e165a7097c4d6a33bd39e6c27873a'),(232,'SceneExit','2018-11-11 13:07:13',NULL,1541912833,'938e2878876e165a7097c4d6a33bd39e6c27873a'),(233,'GameStart','2018-11-11 13:19:36',NULL,1541913576,'938e2878876e165a7097c4d6a33bd39e6c27873a'),(234,'SceneExit','2018-11-11 13:19:50',NULL,1541913590,'938e2878876e165a7097c4d6a33bd39e6c27873a'),(235,'GameStart','2018-11-11 13:22:53',NULL,1541913773,'938e2878876e165a7097c4d6a33bd39e6c27873a'),(236,'SceneExit','2018-11-11 13:23:04',NULL,1541913784,'938e2878876e165a7097c4d6a33bd39e6c27873a'),(237,'GameStart','2018-11-11 13:25:09',NULL,1541913909,'938e2878876e165a7097c4d6a33bd39e6c27873a'),(238,'SceneExit','2018-11-11 13:25:20',NULL,1541913920,'938e2878876e165a7097c4d6a33bd39e6c27873a'),(239,'GameStart','2018-11-11 13:26:37',NULL,1541913997,'938e2878876e165a7097c4d6a33bd39e6c27873a'),(240,'SceneExit','2018-11-11 13:26:47',NULL,1541914007,'938e2878876e165a7097c4d6a33bd39e6c27873a'),(241,'GameStart','2018-11-11 13:28:17',NULL,1541914097,'938e2878876e165a7097c4d6a33bd39e6c27873a'),(242,'SceneEnter','2018-11-11 13:28:18',NULL,1541914098,'938e2878876e165a7097c4d6a33bd39e6c27873a'),(243,'SceneExit','2018-11-11 13:29:02',NULL,1541914142,'938e2878876e165a7097c4d6a33bd39e6c27873a'),(244,'GameStart','2018-11-11 13:35:18',NULL,1541914518,'938e2878876e165a7097c4d6a33bd39e6c27873a'),(245,'SceneEnter','2018-11-11 13:35:19',NULL,1541914519,'938e2878876e165a7097c4d6a33bd39e6c27873a'),(246,'SceneExit','2018-11-11 13:35:34',NULL,1541914534,'938e2878876e165a7097c4d6a33bd39e6c27873a'),(247,'GameStart','2018-11-11 13:38:03',NULL,1541914683,'938e2878876e165a7097c4d6a33bd39e6c27873a'),(248,'SceneEnter','2018-11-11 13:38:06',NULL,1541914686,'938e2878876e165a7097c4d6a33bd39e6c27873a'),(249,'SceneExit','2018-11-11 13:39:57',NULL,1541914797,'938e2878876e165a7097c4d6a33bd39e6c27873a'),(250,'GameStart','2018-11-11 13:40:06',NULL,1541914806,'938e2878876e165a7097c4d6a33bd39e6c27873a'),(251,'SceneEnter','2018-11-11 13:40:09',NULL,1541914809,'938e2878876e165a7097c4d6a33bd39e6c27873a'),(252,'SceneExit','2018-11-11 13:40:12',NULL,1541914812,'938e2878876e165a7097c4d6a33bd39e6c27873a'),(253,'GameStart','2018-11-11 13:43:56',NULL,1541915036,'938e2878876e165a7097c4d6a33bd39e6c27873a'),(254,'SceneEnter','2018-11-11 13:43:59',NULL,1541915039,'938e2878876e165a7097c4d6a33bd39e6c27873a'),(255,'SceneExit','2018-11-11 13:44:02',NULL,1541915042,'938e2878876e165a7097c4d6a33bd39e6c27873a'),(256,'GameStart','2018-11-11 13:48:22',NULL,1541915302,'938e2878876e165a7097c4d6a33bd39e6c27873a'),(257,'SceneEnter','2018-11-11 13:48:22',NULL,1541915302,'938e2878876e165a7097c4d6a33bd39e6c27873a'),(258,'SceneExit','2018-11-11 13:50:25',NULL,1541915425,'938e2878876e165a7097c4d6a33bd39e6c27873a'),(259,'GameStart','2018-11-11 15:16:55',NULL,1541920615,'938e2878876e165a7097c4d6a33bd39e6c27873a'),(260,'GameStart','2018-11-11 15:17:59',NULL,1541920679,'938e2878876e165a7097c4d6a33bd39e6c27873a'),(261,'GameStart','2018-11-11 15:20:05',NULL,1541920805,'938e2878876e165a7097c4d6a33bd39e6c27873a'),(262,'GameStart','2018-11-11 15:21:17',NULL,1541920877,'938e2878876e165a7097c4d6a33bd39e6c27873a'),(263,'GameStart','2018-11-11 15:23:06',NULL,1541920986,'938e2878876e165a7097c4d6a33bd39e6c27873a'),(264,'SceneEnter','2018-11-11 15:23:07',NULL,1541920987,'938e2878876e165a7097c4d6a33bd39e6c27873a'),(265,'SceneExit','2018-11-11 15:23:16',NULL,1541920996,'938e2878876e165a7097c4d6a33bd39e6c27873a'),(266,'GameStart','2018-11-11 19:02:46',NULL,1541934166,'938e2878876e165a7097c4d6a33bd39e6c27873a'),(267,'SceneEnter','2018-11-11 19:02:46',NULL,1541934166,'938e2878876e165a7097c4d6a33bd39e6c27873a'),(268,'SceneExit','2018-11-11 19:02:55',NULL,1541934175,'938e2878876e165a7097c4d6a33bd39e6c27873a'),(269,'SceneEnter','2018-11-11 19:02:55',NULL,1541934175,'938e2878876e165a7097c4d6a33bd39e6c27873a'),(270,'SceneExit','2018-11-11 19:03:04',NULL,1541934184,'938e2878876e165a7097c4d6a33bd39e6c27873a'),(271,'SceneEnter','2018-11-11 19:03:04',NULL,1541934184,'938e2878876e165a7097c4d6a33bd39e6c27873a'),(272,'SceneExit','2018-11-11 19:03:12',NULL,1541934192,'938e2878876e165a7097c4d6a33bd39e6c27873a'),(273,'SceneEnter','2018-11-11 19:03:12',NULL,1541934192,'938e2878876e165a7097c4d6a33bd39e6c27873a'),(274,'SceneExit','2018-11-11 19:03:22',NULL,1541934202,'938e2878876e165a7097c4d6a33bd39e6c27873a'),(275,'SceneEnter','2018-11-11 19:03:22',NULL,1541934202,'938e2878876e165a7097c4d6a33bd39e6c27873a'),(276,'SceneExit','2018-11-11 23:22:25',NULL,1541949745,'938e2878876e165a7097c4d6a33bd39e6c27873a'),(277,'SceneEnter','2018-11-11 23:22:25',NULL,1541949745,'938e2878876e165a7097c4d6a33bd39e6c27873a'),(278,'SceneExit','2018-11-11 23:31:50',NULL,1541950310,'938e2878876e165a7097c4d6a33bd39e6c27873a'),(279,'GameStart','2018-11-11 23:34:42',NULL,1541950482,'938e2878876e165a7097c4d6a33bd39e6c27873a'),(280,'SceneEnter','2018-11-11 23:34:42',NULL,1541950482,'938e2878876e165a7097c4d6a33bd39e6c27873a'),(281,'SceneExit','2018-11-11 23:34:45',NULL,1541950485,'938e2878876e165a7097c4d6a33bd39e6c27873a'),(282,'SceneEnter','2018-11-11 23:34:45',NULL,1541950485,'938e2878876e165a7097c4d6a33bd39e6c27873a'),(283,'SceneExit','2018-11-11 23:42:45',NULL,1541950965,'938e2878876e165a7097c4d6a33bd39e6c27873a'),(284,'GameStart','2018-11-11 23:46:32',NULL,1541951192,'938e2878876e165a7097c4d6a33bd39e6c27873a'),(285,'SceneEnter','2018-11-11 23:46:33',NULL,1541951193,'938e2878876e165a7097c4d6a33bd39e6c27873a'),(286,'SceneExit','2018-11-11 23:46:43',NULL,1541951203,'938e2878876e165a7097c4d6a33bd39e6c27873a'),(287,'SceneEnter','2018-11-11 23:46:43',NULL,1541951203,'938e2878876e165a7097c4d6a33bd39e6c27873a'),(288,'SceneExit','2018-11-11 23:48:35',NULL,1541951315,'938e2878876e165a7097c4d6a33bd39e6c27873a'),(289,'GameStart','2018-11-11 23:54:17',NULL,1541951657,'938e2878876e165a7097c4d6a33bd39e6c27873a'),(290,'SceneEnter','2018-11-11 23:54:18',NULL,1541951658,'938e2878876e165a7097c4d6a33bd39e6c27873a'),(291,'SceneExit','2018-11-11 23:56:42',NULL,1541951802,'938e2878876e165a7097c4d6a33bd39e6c27873a'),(292,'GameStart','2018-11-12 00:14:49',NULL,1541952889,'938e2878876e165a7097c4d6a33bd39e6c27873a'),(293,'SceneEnter','2018-11-12 00:14:50',NULL,1541952890,'938e2878876e165a7097c4d6a33bd39e6c27873a'),(294,'SceneExit','2018-11-12 00:14:56',NULL,1541952896,'938e2878876e165a7097c4d6a33bd39e6c27873a'),(295,'GameStart','2018-11-12 00:28:51',NULL,1541953731,'938e2878876e165a7097c4d6a33bd39e6c27873a'),(296,'SceneEnter','2018-11-12 00:28:51',NULL,1541953731,'938e2878876e165a7097c4d6a33bd39e6c27873a'),(297,'SceneExit','2018-11-12 00:42:30',NULL,1541954550,'938e2878876e165a7097c4d6a33bd39e6c27873a');
/*!40000 ALTER TABLE `event` ENABLE KEYS */;
UNLOCK TABLES;

--
-- Table structure for table `event_data`
--

DROP TABLE IF EXISTS `event_data`;
/*!40101 SET @saved_cs_client     = @@character_set_client */;
/*!40101 SET character_set_client = utf8 */;
CREATE TABLE `event_data` (
  `id` int(11) NOT NULL AUTO_INCREMENT,
  `event_id` int(11) NOT NULL,
  `property` varchar(20) NOT NULL,
  `value` varchar(20) DEFAULT NULL,
  `metric` float DEFAULT NULL,
  PRIMARY KEY (`id`)
) ENGINE=InnoDB AUTO_INCREMENT=368 DEFAULT CHARSET=utf32;
/*!40101 SET character_set_client = @saved_cs_client */;

--
-- Dumping data for table `event_data`
--

LOCK TABLES `event_data` WRITE;
/*!40000 ALTER TABLE `event_data` DISABLE KEYS */;
INSERT INTO `event_data` VALUES (1,9,'Value',NULL,0.602527),(2,9,'Name','Start',NULL),(3,9,'Level','2',NULL),(4,20,'Value',NULL,0.669166),(5,20,'Name','Start',NULL),(6,20,'Level','2',NULL),(7,22,'Value',NULL,0.569508),(8,22,'Name','Start',NULL),(9,22,'Level','2',NULL),(10,23,'Value',NULL,0.507037),(11,23,'Name','Start',NULL),(12,23,'Level','1',NULL),(13,26,'Value',NULL,0.574304),(14,26,'Name','Start',NULL),(15,26,'Level','1',NULL),(16,27,'Value',NULL,0.791642),(17,27,'Name','Start',NULL),(18,27,'Level','1',NULL),(19,30,'Value',NULL,0.766445),(20,30,'Name','Start',NULL),(21,30,'Level','1',NULL),(22,32,'Value',NULL,0.588258),(23,32,'Name','Start',NULL),(24,32,'Level','1',NULL),(25,34,'Value',NULL,0.752651),(26,34,'Name','Start',NULL),(27,34,'Level','1',NULL),(28,35,'Value',NULL,0.946973),(29,35,'Name','Start',NULL),(30,35,'Level','1',NULL),(31,37,'Value',NULL,0.727309),(32,37,'Name','Start',NULL),(33,37,'Level','1',NULL),(34,39,'Value',NULL,0.682621),(35,39,'Name','Start',NULL),(36,39,'Level','1',NULL),(37,42,'Value',NULL,0.837991),(38,42,'Name','Start',NULL),(39,42,'Level','2',NULL),(40,43,'Value',NULL,0.666262),(41,43,'Name','Start',NULL),(42,43,'Level','2',NULL),(43,46,'Value',NULL,0.526727),(44,46,'Name','Start',NULL),(45,46,'Level','1',NULL),(46,47,'Value',NULL,0.626686),(47,47,'Name','Start',NULL),(48,47,'Level','2',NULL),(49,50,'Value',NULL,0.776627),(50,50,'Name','Start',NULL),(51,50,'Level','1',NULL),(52,52,'Value',NULL,0.86906),(53,52,'Name','Start',NULL),(54,52,'Level','1',NULL),(55,54,'Value',NULL,0.958436),(56,54,'Name','Start',NULL),(57,54,'Level','1',NULL),(58,56,'Value',NULL,0.903802),(59,56,'Name','Start',NULL),(60,56,'Level','1',NULL),(61,58,'Value',NULL,0.813576),(62,58,'Name','Start',NULL),(63,58,'Level','1',NULL),(64,59,'Value',NULL,0.817293),(65,59,'Name','Start',NULL),(66,59,'Level','1',NULL),(67,62,'Value',NULL,0.623132),(68,62,'Name','Start',NULL),(69,62,'Level','2',NULL),(70,64,'Value',NULL,0.740283),(71,64,'Name','Start',NULL),(72,64,'Level','1',NULL),(73,65,'Value',NULL,0.575505),(74,65,'Name','Start',NULL),(75,65,'Level','1',NULL),(76,67,'Value',NULL,0.935133),(77,67,'Name','Start',NULL),(78,67,'Level','1',NULL),(79,69,'Value',NULL,0.916465),(80,69,'Name','Start',NULL),(81,69,'Level','1',NULL),(82,72,'Value',NULL,0.704652),(83,72,'Name','Start',NULL),(84,72,'Level','2',NULL),(85,74,'Value',NULL,0.517921),(86,74,'Name','Start',NULL),(87,74,'Level','1',NULL),(88,76,'Value',NULL,0.568114),(89,76,'Name','Start',NULL),(90,76,'Level','1',NULL),(91,78,'Value',NULL,0.505358),(92,78,'Name','Start',NULL),(93,78,'Level','1',NULL),(94,80,'Value',NULL,0.960945),(95,80,'Name','Start',NULL),(96,80,'Level','1',NULL),(97,82,'Value',NULL,0.696795),(98,82,'Name','Start',NULL),(99,82,'Level','2',NULL),(100,84,'Value',NULL,0.512413),(101,84,'Name','Start',NULL),(102,84,'Level','1',NULL),(103,86,'Value',NULL,0.851452),(104,86,'Name','Start',NULL),(105,86,'Level','1',NULL),(106,88,'Value',NULL,0.673199),(107,88,'Name','Start',NULL),(108,88,'Level','1',NULL),(109,90,'Value',NULL,0.839203),(110,90,'Name','Start',NULL),(111,90,'Level','1',NULL),(112,92,'Value',NULL,0.904366),(113,92,'Name','Start',NULL),(114,92,'Level','1',NULL),(115,93,'Value',NULL,0.824176),(116,93,'Name','Start',NULL),(117,93,'Level','2',NULL),(118,96,'Value',NULL,0.51374),(119,96,'Name','Start',NULL),(120,96,'Level','1',NULL),(121,97,'Value',NULL,0.510427),(122,97,'Name','Start',NULL),(123,97,'Level','1',NULL),(124,100,'Value',NULL,0.941988),(125,100,'Name','Start',NULL),(126,100,'Level','1',NULL),(127,102,'Value',NULL,0.629),(128,102,'Name','Start',NULL),(129,102,'Level','1',NULL),(130,104,'Value',NULL,0.829614),(131,104,'Name','Start',NULL),(132,104,'Level','1',NULL),(133,106,'Value',NULL,0.919829),(134,106,'Name','Start',NULL),(135,106,'Level','2',NULL),(136,108,'Value',NULL,0.509337),(137,108,'Name','Start',NULL),(138,108,'Level','2',NULL),(139,109,'Value',NULL,0.543421),(140,109,'Name','Start',NULL),(141,109,'Level','1',NULL),(142,111,'Value',NULL,0.782372),(143,111,'Name','Start',NULL),(144,111,'Level','1',NULL),(145,114,'Value',NULL,0.684454),(146,114,'Name','Start',NULL),(147,114,'Level','1',NULL),(148,115,'Value',NULL,0.895489),(149,115,'Name','Start',NULL),(150,115,'Level','1',NULL),(151,118,'Value',NULL,0.879199),(152,118,'Name','Start',NULL),(153,118,'Level','2',NULL),(154,120,'Value',NULL,0.972863),(155,120,'Name','Start',NULL),(156,120,'Level','1',NULL),(157,122,'Value',NULL,0.714393),(158,122,'Name','Start',NULL),(159,122,'Level','1',NULL),(160,124,'Value',NULL,0.51412),(161,124,'Name','Start',NULL),(162,124,'Level','1',NULL),(163,126,'Value',NULL,0.595415),(164,126,'Name','Start',NULL),(165,126,'Level','2',NULL),(166,128,'Value',NULL,0.760013),(167,128,'Name','Start',NULL),(168,128,'Level','1',NULL),(169,129,'Value',NULL,0.687231),(170,129,'Name','Start',NULL),(171,129,'Level','1',NULL),(172,131,'Value',NULL,0.987254),(173,131,'Name','Start',NULL),(174,131,'Level','1',NULL),(175,134,'Value',NULL,0.706013),(176,134,'Name','Start',NULL),(177,134,'Level','1',NULL),(178,136,'Value',NULL,0.815307),(179,136,'Name','Start',NULL),(180,136,'Level','1',NULL),(181,137,'Value',NULL,0.619956),(182,137,'Name','Start',NULL),(183,137,'Level','1',NULL),(184,140,'Value',NULL,0.611961),(185,140,'Name','Start',NULL),(186,140,'Level','1',NULL),(187,142,'Value',NULL,0.785148),(188,142,'Name','Start',NULL),(189,142,'Level','1',NULL),(190,144,'Value',NULL,0.993951),(191,144,'Name','Start',NULL),(192,144,'Level','1',NULL),(193,146,'Value',NULL,0.677574),(194,146,'Name','Start',NULL),(195,146,'Level','1',NULL),(196,147,'Value',NULL,0.525699),(197,147,'Name','Start',NULL),(198,147,'Level','1',NULL),(199,149,'Value',NULL,0.755558),(200,149,'Name','Start',NULL),(201,149,'Level','1',NULL),(202,152,'Value',NULL,0.717298),(203,152,'Name','Start',NULL),(204,152,'Level','1',NULL),(205,154,'Value',NULL,0.894517),(206,154,'Name','Start',NULL),(207,154,'Level','1',NULL),(208,156,'Value',NULL,0.63993),(209,156,'Name','Start',NULL),(210,156,'Level','1',NULL),(211,158,'Value',NULL,0.787749),(212,158,'Name','Start',NULL),(213,158,'Level','1',NULL),(214,160,'Value',NULL,0.638576),(215,160,'Name','Start',NULL),(216,160,'Level','1',NULL),(217,162,'Value',NULL,0.936592),(218,162,'Name','Start',NULL),(219,162,'Level','1',NULL),(220,163,'Value',NULL,0.570174),(221,163,'Name','Start',NULL),(222,163,'Level','1',NULL),(223,165,'Value',NULL,0.980216),(224,165,'Name','Start',NULL),(225,165,'Level','1',NULL),(226,167,'Value',NULL,0.603342),(227,167,'Name','Start',NULL),(228,167,'Level','1',NULL),(229,0,'Name','1',NULL),(230,170,'Name','1',NULL),(231,172,'Name','1',NULL),(232,173,'Name','1',NULL),(233,175,'Time',NULL,9.58014),(234,175,'Name','1',NULL),(235,176,'Name','2',NULL),(236,177,'Name','1',NULL),(237,179,'Time',NULL,6.14192),(238,179,'Name','1',NULL),(239,181,'Name','1',NULL),(240,183,'Name','2',NULL),(241,182,'Time',NULL,66.5201),(242,182,'Name','1',NULL),(243,184,'Time',NULL,620.479),(244,184,'Name','2',NULL),(245,185,'Name','1',NULL),(246,187,'Name','3',NULL),(247,188,'Time',NULL,1.60556),(248,188,'Name','1',NULL),(249,189,'Name','4',NULL),(250,190,'Time',NULL,10.6284),(251,190,'Name','3',NULL),(252,191,'Time',NULL,558.245),(253,191,'Name','4',NULL),(254,192,'Name','1',NULL),(255,194,'Time',NULL,24.1434),(256,194,'Name','1',NULL),(257,196,'Name','1',NULL),(258,197,'Time',NULL,413.414),(259,197,'Name','1',NULL),(260,199,'Name','1',NULL),(261,200,'Time',NULL,55.5527),(262,200,'Name','1',NULL),(263,202,'Name','1',NULL),(264,203,'Time',NULL,8.62568),(265,203,'Name','1',NULL),(266,204,'Name','2',NULL),(267,205,'Name','3',NULL),(268,206,'Time',NULL,2.09926),(269,206,'Name','2',NULL),(270,207,'Time',NULL,5.94743),(271,207,'Name','3',NULL),(272,208,'Name','2',NULL),(273,209,'Name','1',NULL),(274,210,'Time',NULL,1.62355),(275,210,'Name','2',NULL),(276,211,'Time',NULL,4.36523),(277,211,'Name','1',NULL),(278,212,'Name','1',NULL),(279,215,'Name','1',NULL),(280,216,'Time',NULL,262.701),(281,216,'Name','1',NULL),(282,218,'Name','1',NULL),(283,219,'Time',NULL,83.8627),(284,219,'Name','1',NULL),(285,221,'Name','1',NULL),(286,222,'Time',NULL,8.67308),(287,222,'Name','1',NULL),(288,224,'Name','1',NULL),(289,225,'Name','2',NULL),(290,226,'Time',NULL,46.0882),(291,226,'Name','1',NULL),(292,227,'Time',NULL,8.32826),(293,227,'Name','2',NULL),(294,229,'Name','1',NULL),(295,230,'Time',NULL,3.55985),(296,230,'Name','1',NULL),(297,231,'Name','2',NULL),(298,232,'Time',NULL,5.65504),(299,232,'Name','2',NULL),(300,234,'Time',NULL,13.2717),(301,234,'Name','1',NULL),(302,236,'Time',NULL,9.9888),(303,236,'Name','1',NULL),(304,238,'Time',NULL,10.4834),(305,238,'Name','1',NULL),(306,240,'Time',NULL,9.38776),(307,240,'Name','1',NULL),(308,242,'Name','1',NULL),(309,243,'Time',NULL,44.4328),(310,243,'Name','1',NULL),(311,245,'Name','1',NULL),(312,246,'Time',NULL,15.0677),(313,246,'Name','1',NULL),(314,248,'Name','1',NULL),(315,249,'Time',NULL,107.078),(316,249,'Name','1',NULL),(317,251,'Name','1',NULL),(318,252,'Time',NULL,3.07455),(319,252,'Name','1',NULL),(320,254,'Name','1',NULL),(321,255,'Time',NULL,2.3789),(322,255,'Name','1',NULL),(323,257,'Name','1',NULL),(324,258,'Time',NULL,122.775),(325,258,'Name','1',NULL),(326,264,'Name','1',NULL),(327,265,'Time',NULL,9.5322),(328,265,'Name','1',NULL),(329,267,'Name','1',NULL),(330,268,'Time',NULL,9.2806),(331,268,'Name','1',NULL),(332,269,'Name','2',NULL),(333,270,'Time',NULL,8.05855),(334,270,'Name','2',NULL),(335,271,'Name','v1/1',NULL),(336,272,'Time',NULL,8.33984),(337,272,'Name','v1/1',NULL),(338,273,'Name','v1/2',NULL),(339,274,'Time',NULL,10.2552),(340,274,'Name','v1/2',NULL),(341,275,'Name','2',NULL),(342,276,'Time',NULL,15540.8),(343,276,'Name','2',NULL),(344,277,'Name','1',NULL),(345,278,'Time',NULL,564.393),(346,278,'Name','1',NULL),(347,280,'Name','1',NULL),(348,281,'Time',NULL,3.062),(349,281,'Name','1',NULL),(350,282,'Name','2',NULL),(351,283,'Time',NULL,480.374),(352,283,'Name','2',NULL),(353,285,'Name','1',NULL),(354,286,'Time',NULL,9.92395),(355,286,'Name','1',NULL),(356,287,'Name','v1/1',NULL),(357,288,'Time',NULL,112.395),(358,288,'Name','v1/1',NULL),(359,290,'Name','1',NULL),(360,291,'Time',NULL,144.335),(361,291,'Name','1',NULL),(362,293,'Name','1',NULL),(363,294,'Time',NULL,6.48978),(364,294,'Name','1',NULL),(365,296,'Name','1',NULL),(366,297,'Time',NULL,818.743),(367,297,'Name','1',NULL);
/*!40000 ALTER TABLE `event_data` ENABLE KEYS */;
UNLOCK TABLES;

--
-- Table structure for table `location`
--

DROP TABLE IF EXISTS `location`;
/*!40101 SET @saved_cs_client     = @@character_set_client */;
/*!40101 SET character_set_client = utf8 */;
CREATE TABLE `location` (
  `id` int(11) NOT NULL AUTO_INCREMENT,
  `name` varchar(50) NOT NULL,
  `version` varchar(20) DEFAULT NULL,
  `deleted` tinyint(4) DEFAULT '0',
  `ip` varchar(30) DEFAULT NULL,
  PRIMARY KEY (`id`)
) ENGINE=InnoDB AUTO_INCREMENT=3 DEFAULT CHARSET=utf32;
/*!40101 SET character_set_client = @saved_cs_client */;

--
-- Dumping data for table `location`
--

LOCK TABLES `location` WRITE;
/*!40000 ALTER TABLE `location` DISABLE KEYS */;
INSERT INTO `location` VALUES (1,'CHKJ','1.0.1',0,'192.168.1.6'),(2,'浙江大学','1.0.0',0,NULL);
/*!40000 ALTER TABLE `location` ENABLE KEYS */;
UNLOCK TABLES;

--
-- Table structure for table `settings`
--

DROP TABLE IF EXISTS `settings`;
/*!40101 SET @saved_cs_client     = @@character_set_client */;
/*!40101 SET character_set_client = utf8 */;
CREATE TABLE `settings` (
  `id` int(11) NOT NULL AUTO_INCREMENT,
  `last_ip` varchar(30) DEFAULT NULL,
  PRIMARY KEY (`id`)
) ENGINE=InnoDB AUTO_INCREMENT=2 DEFAULT CHARSET=utf8;
/*!40101 SET character_set_client = @saved_cs_client */;

--
-- Dumping data for table `settings`
--

LOCK TABLES `settings` WRITE;
/*!40000 ALTER TABLE `settings` DISABLE KEYS */;
INSERT INTO `settings` VALUES (1,'192.168.1.2');
/*!40000 ALTER TABLE `settings` ENABLE KEYS */;
UNLOCK TABLES;

--
-- Table structure for table `user`
--

DROP TABLE IF EXISTS `user`;
/*!40101 SET @saved_cs_client     = @@character_set_client */;
/*!40101 SET character_set_client = utf8 */;
CREATE TABLE `user` (
  `id` int(11) NOT NULL AUTO_INCREMENT,
  `location_id` int(11) DEFAULT NULL,
  `password` varchar(30) DEFAULT NULL,
  `deleted` tinyint(4) DEFAULT '0',
  PRIMARY KEY (`id`)
) ENGINE=InnoDB DEFAULT CHARSET=utf32;
/*!40101 SET character_set_client = @saved_cs_client */;

--
-- Dumping data for table `user`
--

LOCK TABLES `user` WRITE;
/*!40000 ALTER TABLE `user` DISABLE KEYS */;
/*!40000 ALTER TABLE `user` ENABLE KEYS */;
UNLOCK TABLES;
/*!40103 SET TIME_ZONE=@OLD_TIME_ZONE */;

/*!40101 SET SQL_MODE=@OLD_SQL_MODE */;
/*!40014 SET FOREIGN_KEY_CHECKS=@OLD_FOREIGN_KEY_CHECKS */;
/*!40014 SET UNIQUE_CHECKS=@OLD_UNIQUE_CHECKS */;
/*!40101 SET CHARACTER_SET_CLIENT=@OLD_CHARACTER_SET_CLIENT */;
/*!40101 SET CHARACTER_SET_RESULTS=@OLD_CHARACTER_SET_RESULTS */;
/*!40101 SET COLLATION_CONNECTION=@OLD_COLLATION_CONNECTION */;
/*!40111 SET SQL_NOTES=@OLD_SQL_NOTES */;

-- Dump completed on 2018-11-12  0:43:11
